{"cameraMode":{"drawMode":0,"name":"Shaded","section":"Shading Mode"},"sceneLighting":true,"audioPlay":false,"sceneViewState":{"showFog":true,"showMaterialUpdate":false,"showSkybox":true,"showFlares":true,"showImageEffects":true,"showParticleSystems":true},"in2DMode":false,"pivot":{"x":1.4901161193847657e-8,"y":0.5065937042236328,"z":9.605999946594239},"rotation":{"x":-0.0009165813098661602,"y":-0.9924173951148987,"z":0.12268589437007904,"w":-0.007423291448503733},"size":0.5465278029441834,"orthographic":false}