{"cameraMode":{"drawMode":0,"name":"Shaded","section":"Shading Mode"},"sceneLighting":false,"audioPlay":false,"sceneViewState":{"showFog":true,"showMaterialUpdate":false,"showSkybox":true,"showFlares":true,"showImageEffects":true,"showParticleSystems":true},"in2DMode":false,"pivot":{"x":-0.05758786201477051,"y":1.1762923002243043,"z":-0.2539907991886139},"rotation":{"x":0.08864998072385788,"y":-0.7048269510269165,"z":0.08950137346982956,"w":0.6981043815612793},"size":0.6875461339950562,"orthographic":false}